"AMK"	"BDQ"	"CAP"	"CFZ"	"DCS"	"DEL"	"EMB"	"ETH"	"INH"	"KAN"	"FQ"	"LIN"	"PAS"	"PZA"	"RIF"	"STR"
"-:2715346G>A"	"Rv0678:Arg135Gly"	"Rv1694:Asn236Lys"	"Rv0678:Arg72Trp"	"Rv2780:3087085_del"	"Rv3261:Asp49Tyr"	"-:4243206_del"	"-:1673425C>T"	"-:1673423G>T"	"-:2715342C>G"	"Rv0005:Ala504Thr"	"Rv0701:Cys154Arg"	"Rv2447c:Ala183Pro"	"-:2289252T>C"	"Rv0667:Asp435Ala"	"Rv0682:Lys43Arg"
"Rvnr01:1473246A>G"	"Rv0678:Glu21Asp"	"Rvnr01:1473246A>G"	"Rv0678:Cys46Tyr"	"Rv2780:3087185_del"	"Rv3261:Lys250_"	"-:4243217C>A"	"-:4327480A>G"	"-:1673424_del"	"-:2715342C>T"	"Rv0005:Ala504Val"	"Rvnr02:1475956G>T"	"Rv2447c:Arg49Trp"	"-:2289252T>G"	"Rv0667:Asp435Asn"	"Rv0682:Lys88Arg"
"Rvnr01:1473247C>T"	"Rv0678:Leu154Pro"	"Rvnr01:1473247C>T"	"Rv0678:Gln22Leu"	"Rv2780:3087186_del"	"Rv3547:Gly53Asp"	"-:4243217C>G"	"Rv3854c:Ala252Asp"	"-:1673425C>T"	"-:2715344G>A"	"Rv0005:Arg446Cys"	"Rvnr02:1476471G>T"	"Rv2447c:Asn73Ser"	"Rv1630:Glu67Asp"	"Rv0667:Asp435Glu"	"Rv0682:Lys88Thr"
"Rvnr01:1473329G>T"	"Rv0678:Val1Ala"	"Rvnr01:1473329G>T"	"Rv0678:Gly25Asp"	"Rv2780:3087187_del"	"Rv3547:Trp88_"	"-:4243217C>T"	"Rv3854c:Ala341Val"	"-:1673432T>A"	"-:2715346G>A"	"Rv0005:Asn499Asp"		"Rv2447c:Glu153Ala"	"Rv1630:Thr210Ala"	"Rv0667:Asp435Gly"	"Rvnr01:1472359A>C"
	"Rv1305:Ala63Pro"		"Rv0678:Leu136Pro"	"Rv2780:3087188_del"		"-:4243221C>T"	"Rv3854c:Gln165Pro"	"-:1673432T>C"	"-:2715369C>A"	"Rv0005:Asn499Lys"		"Rv2447c:Glu153Gly"	"Rv1630:Thr5Ala"	"Rv0667:Asp435Phe"	"Rvnr01:1472362C>T"
	"Rv1305:Asp28Ala"		"Rv0678:Leu44Pro"	"Rv2780:3087189_del"		"-:4243222C>A"	"Rv3854c:Gly52Glu"	"-:1673432T>G"	"Rvnr01:1473246A>G"	"Rv0005:Asn504Thr"		"Rv2447c:Glu40Gly"	"Rv2043c:Ala102Glu"	"Rv0667:Asp435Tyr"	"Rvnr01:1472751A>G"
	"Rv1305:Asp28Gly"		"Rv0678:Ser68Arg"	"Rv2780:3087190_del"		"-:4243222C>T"	"Rv3854c:Leu272Pro"	"Rv1483:Leu203Leu"	"Rvnr01:1473247C>T"	"Rv0005:Asn504Val"		"Rv2447c:Ile43Ala"	"Rv2043c:Ala102Gly"	"Rv0667:Asp435Val"	"Rvnr01:1472752A>T"
	"Rv1305:Asp28Val"		"Rv0678:Thr33Ala"	"Rv3423c:Arg397Gly"		"-:4243225C>A"	"Rv3854c:Met1Arg"	"Rv1484:Ile16Thr"	"Rvnr01:1473329G>T"	"Rv0005:Asp461Ala"		"Rv2447c:Ile43Thr"	"Rv2043c:Ala102Pro"	"Rv0667:Asp545Glu"	
	"Rv1305:Glu61Asp"			"Rv3423c:Arg397Leu"		"-:4243225C>T"	"Rv3854c:Thr314Ile"	"Rv1484:Ile194Thr"		"Rv0005:Asp461Asn"		"Rv2447c:Phe152Leu"	"Rv2043c:Ala102Ser"	"Rv0667:Gln432Leu"	
				"Rv3423c:Asp344Asn"		"Rv3795:Asn1033Lys"	"Rv3854c:Thr44Asn"	"Rv1484:Ile21Thr"		"Rv0005:Asp461His"		"Rv2447c:Phe152Ser"	"Rv2043c:Ala102Thr"	"Rv0667:Gln432Lys"	
				"Rv3423c:Met343Thr"		"Rv3795:Asp328Tyr"	"Rv3854c:Thr61Met"	"Rv1484:Ile21Val"		"Rv0005:Glu501Val"		"Rv2447c:Ser150Arg"	"Rv2043c:Ala134Asp"	"Rv0667:Gln432Pro"	
				"Rv3423c:Ser22Leu"		"Rv3795:Asp354Ala"	"Rv3854c:Tyr386Cys"	"Rv1484:Ile95Pro"		"Rv0005:Thr500Asn"		"Rv2447c:Ser150Gly"	"Rv2043c:Ala134Gly"	"Rv0667:Gly981Asp"	
				"Rv3423c:Tyr388Asp"		"Rv3795:Gln1002Arg"	"Rv3854c:Tyr461His"	"Rv1484:Ser94Ala"		"Rv0005:Thr500Pro"		"Rv2670c:Ala5Val"	"Rv2043c:Ala134Pro"	"Rv0667:His445Arg"	
				"Rv3423c:Tyr388Cys"		"Rv3795:Gln497Arg"		"Rv1854c:Arg284Trp"		"Rv0006:Ala74Ser"		"Rv2764c:Ala182Pro"	"Rv2043c:Ala134Thr"	"Rv0667:His445Asn"	
						"Rv3795:Gln497Lys"		"Rv1854c:Gly225Asp"		"Rv0006:Ala90Val"		"Rv2764c:Ala259Pro"	"Rv2043c:Ala134Val"	"Rv0667:His445Asp"	
						"Rv3795:Gly406Ala"		"Rv1908c:Ala109Val"		"Rv0006:Asp89Asn"		"Rv2764c:Arg127Leu"	"Rv2043c:Ala143Asp"	"Rv0667:His445Cys"	
						"Rv3795:Gly406Asp"		"Rv1908c:Ala110Val"		"Rv0006:Asp94Ala"		"Rv2764c:Arg222Gly"	"Rv2043c:Ala143Gly"	"Rv0667:His445Gly"	
						"Rv3795:Gly406Ser"		"Rv1908c:Ala614Glu"		"Rv0006:Asp94Asn"		"Rv2764c:Cys146Arg"	"Rv2043c:Ala143Pro"	"Rv0667:His445Leu"	
						"Rv3795:Met306Ile"		"Rv1908c:Arg104Gln"		"Rv0006:Asp94Gly"		"Rv2764c:Leu143Pro"	"Rv2043c:Ala143Ser"	"Rv0667:His445Phe"	
						"Rv3795:Met306Val"		"Rv1908c:Asn138Ser"		"Rv0006:Asp94His"		"Rv2764c:Leu172Pro"	"Rv2043c:Ala143Thr"	"Rv0667:His445Pro"	
								"Rv1908c:Asp142Gly"		"Rv0006:Asp94Tyr"		"Rv2764c:Val261Gly"	"Rv2043c:Ala143Val"	"Rv0667:His445Tyr"	
								"Rv1908c:Glu402_"		"Rv0006:Gly88Cys"		"Rv2764c:Val263Ile"	"Rv2043c:Ala146Glu"	"Rv0667:Ile491Phe"	
								"Rv1908c:Gly125Asp"		"Rv0006:Ser91Pro"			"Rv2043c:Ala146Gly"	"Rv0667:Leu430Pro"	
								"Rv1908c:Gly182Arg"					"Rv2043c:Ala146Pro"	"Rv0667:Leu452Pro"	
								"Rv1908c:Gly279Asp"					"Rv2043c:Ala146Ser"	"Rv0667:Met434Ile"	
								"Rv1908c:Gly297Val"					"Rv2043c:Ala146Thr"	"Rv0667:Ser431Thr"	
								"Rv1908c:Leu141Phe"					"Rv2043c:Ala146Val"	"Rv0667:Ser441Gln"	
								"Rv1908c:Leu159Pro"					"Rv2043c:Ala152Asp"	"Rv0667:Ser441Leu"	
								"Rv1908c:Leu415Pro"					"Rv2043c:Ala152Gly"	"Rv0667:Ser450Gln"	
								"Rv1908c:Leu627Pro"					"Rv2043c:Ala152Thr"	"Rv0667:Ser450Leu"	
								"Rv1908c:Leu704Ser"					"Rv2043c:Ala152Val"	"Rv0667:Ser450Phe"	
								"Rv1908c:Pro232Arg"					"Rv2043c:Ala161Gly"	"Rv0667:Ser450Trp"	
								"Rv1908c:Ser315Asn"					"Rv2043c:Ala161Pro"	"Rv0667:Ser450Tyr"	
								"Rv1908c:Ser315Gly"					"Rv2043c:Ala161Val"	"Rv0667:Thr676Pro"	
								"Rv1908c:Ser315Ile"					"Rv2043c:Ala165Asp"	"Rv0667:Val170Phe"	
								"Rv1908c:Ser315Thr"					"Rv2043c:Ala165Gly"	"Rv0667:Val359Ala"	
								"Rv1908c:Ser481Leu"					"Rv2043c:Ala165Pro"		
								"Rv1908c:Ser700Pro"					"Rv2043c:Ala165Ser"		
								"Rv1908c:Thr180Lys"					"Rv2043c:Ala165Thr"		
								"Rv1908c:Thr302Arg"					"Rv2043c:Ala165Val"		
								"Rv1908c:Trp161Arg"					"Rv2043c:Ala170Asp"		
								"Rv1908c:Trp161Gln"					"Rv2043c:Ala170Gly"		
								"Rv1908c:Trp191Arg"					"Rv2043c:Ala170Pro"		
								"Rv1908c:Trp191Gly"					"Rv2043c:Ala170Ser"		
								"Rv1908c:Trp300Arg"					"Rv2043c:Ala170Thr"		
								"Rv1908c:Trp300Cys"					"Rv2043c:Ala170Val"		
								"Rv1908c:Trp300Ser"					"Rv2043c:Ala171Glu"		
								"Rv1908c:Trp328Arg"					"Rv2043c:Ala171Gly"		
								"Rv1908c:Trp328Leu"					"Rv2043c:Ala171Pro"		
								"Rv1908c:Trp505_"					"Rv2043c:Ala171Ser"		
								"Rv1908c:Trp90Arg"					"Rv2043c:Ala171Thr"		
								"Rv1908c:Tyr300Cys"					"Rv2043c:Ala178Gly"		
								"Rv1908c:Val1Ala"					"Rv2043c:Ala178Pro"		
								"Rv1908c:Val633Ala"					"Rv2043c:Ala178Ser"		
													"Rv2043c:Ala178Thr"		
													"Rv2043c:Ala20Gly"		
													"Rv2043c:Ala20Pro"		
													"Rv2043c:Ala20Val"		
													"Rv2043c:Ala25Asp"		
													"Rv2043c:Ala25Gly"		
													"Rv2043c:Ala25Pro"		
													"Rv2043c:Ala25Ser"		
													"Rv2043c:Ala26Glu"		
													"Rv2043c:Ala26Gly"		
													"Rv2043c:Ala26Ser"		
													"Rv2043c:Ala26Val"		
													"Rv2043c:Ala28Asp"		
													"Rv2043c:Ala28Ser"		
													"Rv2043c:Ala28Thr"		
													"Rv2043c:Ala30Gly"		
													"Rv2043c:Ala30Pro"		
													"Rv2043c:Ala30Ser"		
													"Rv2043c:Ala30Val"		
													"Rv2043c:Ala36Asp"		
													"Rv2043c:Ala36Gly"		
													"Rv2043c:Ala36Pro"		
													"Rv2043c:Ala36Ser"		
													"Rv2043c:Ala36Thr"		
													"Rv2043c:Ala38Glu"		
													"Rv2043c:Ala38Gly"		
													"Rv2043c:Ala38Pro"		
													"Rv2043c:Ala38Ser"		
													"Rv2043c:Ala39Pro"		
													"Rv2043c:Ala39Val"		
													"Rv2043c:Ala3Ala"		
													"Rv2043c:Ala3Glu"		
													"Rv2043c:Ala3Gly"		
													"Rv2043c:Ala3Pro"		
													"Rv2043c:Ala3Thr"		
													"Rv2043c:Ala46Ala"		
													"Rv2043c:Ala46Glu"		
													"Rv2043c:Ala46Gly"		
													"Rv2043c:Ala46Pro"		
													"Rv2043c:Ala46Thr"		
													"Rv2043c:Ala46Val"		
													"Rv2043c:Ala79Glu"		
													"Rv2043c:Ala79Gly"		
													"Rv2043c:Ala79Pro"		
													"Rv2043c:Ala79Thr"		
													"Rv2043c:Ala79Val"		
													"Rv2043c:Ala89Glu"		
													"Rv2043c:Ala89Gly"		
													"Rv2043c:Ala89Thr"		
													"Rv2043c:Ala89Val"		
													"Rv2043c:Ala92Glu"		
													"Rv2043c:Ala92Gly"		
													"Rv2043c:Ala92Pro"		
													"Rv2043c:Ala92Thr"		
													"Rv2043c:Ala92Val"		
													"Rv2043c:Ala98Gly"		
													"Rv2043c:Ala98Pro"		
													"Rv2043c:Ala98Ser"		
													"Rv2043c:Ala98Thr"		
													"Rv2043c:Ala98Val"		
													"Rv2043c:Arg121Gln"		
													"Rv2043c:Arg121Pro"		
													"Rv2043c:Arg121Trp"		
													"Rv2043c:Arg123Pro"		
													"Rv2043c:Arg123Ser"		
													"Rv2043c:Arg140Cys"		
													"Rv2043c:Arg140Gly"		
													"Rv2043c:Arg140His"		
													"Rv2043c:Arg140Pro"		
													"Rv2043c:Arg148Cys"		
													"Rv2043c:Arg148Gly"		
													"Rv2043c:Arg148His"		
													"Rv2043c:Arg148Pro"		
													"Rv2043c:Arg154Gly"		
													"Rv2043c:Arg154Lys"		
													"Rv2043c:Arg154Met"		
													"Rv2043c:Arg154Trp"		
													"Rv2043c:Arg176Cys"		
													"Rv2043c:Arg176His"		
													"Rv2043c:Arg176Leu"		
													"Rv2043c:Arg176Pro"		
													"Rv2043c:Arg29Cys"		
													"Rv2043c:Arg29His"		
													"Rv2043c:Arg29Leu"		
													"Rv2043c:Arg2Gly"		
													"Rv2043c:Arg2Leu"		
													"Rv2043c:Arg2Pro"		
													"Rv2043c:Arg2Trp"		
													"Rv2043c:Asn112Ile"		
													"Rv2043c:Asn112Ser"		
													"Rv2043c:Asn112Thr"		
													"Rv2043c:Asn118Asn"		
													"Rv2043c:Asn118Asp"		
													"Rv2043c:Asn118His"		
													"Rv2043c:Asn118Lys"		
													"Rv2043c:Asn118Ser"		
													"Rv2043c:Asn118Thr"		
													"Rv2043c:Asn118Tyr"		
													"Rv2043c:Asn11Asp"		
													"Rv2043c:Asn11Lys"		
													"Rv2043c:Asn11Thr"		
													"Rv2043c:Asn149Ile"		
													"Rv2043c:Asn149Thr"		
													"Rv2043c:Asn149Tyr"		
													"Rv2043c:Asp110Ala"		
													"Rv2043c:Asp110Asn"		
													"Rv2043c:Asp110Asp"		
													"Rv2043c:Asp110Glu"		
													"Rv2043c:Asp110His"		
													"Rv2043c:Asp126Ala"		
													"Rv2043c:Asp126Glu"		
													"Rv2043c:Asp126Gly"		
													"Rv2043c:Asp129Ala"		
													"Rv2043c:Asp129Asn"		
													"Rv2043c:Asp129Glu"		
													"Rv2043c:Asp129Gly"		
													"Rv2043c:Asp129His"		
													"Rv2043c:Asp12Ala"		
													"Rv2043c:Asp12Asn"		
													"Rv2043c:Asp12Glu"		
													"Rv2043c:Asp12Gly"		
													"Rv2043c:Asp12His"		
													"Rv2043c:Asp12Tyr"		
													"Rv2043c:Asp12Val"		
													"Rv2043c:Asp136Ala"		
													"Rv2043c:Asp136Asn"		
													"Rv2043c:Asp136Gly"		
													"Rv2043c:Asp136His"		
													"Rv2043c:Asp136Tyr"		
													"Rv2043c:Asp136Val"		
													"Rv2043c:Asp145Ala"		
													"Rv2043c:Asp145Glu"		
													"Rv2043c:Asp145His"		
													"Rv2043c:Asp145Tyr"		
													"Rv2043c:Asp145Val"		
													"Rv2043c:Asp158Ala"		
													"Rv2043c:Asp158Gly"		
													"Rv2043c:Asp158His"		
													"Rv2043c:Asp158Tyr"		
													"Rv2043c:Asp158Val"		
													"Rv2043c:Asp166Ala"		
													"Rv2043c:Asp166Asn"		
													"Rv2043c:Asp166Glu"		
													"Rv2043c:Asp166Gly"		
													"Rv2043c:Asp166Tyr"		
													"Rv2043c:Asp166Val"		
													"Rv2043c:Asp33Gly"		
													"Rv2043c:Asp33His"		
													"Rv2043c:Asp40Ala"		
													"Rv2043c:Asp40Asn"		
													"Rv2043c:Asp40Gly"		
													"Rv2043c:Asp40His"		
													"Rv2043c:Asp40Tyr"		
													"Rv2043c:Asp40Val"		
													"Rv2043c:Asp49Ala"		
													"Rv2043c:Asp49Asn"		
													"Rv2043c:Asp49Glu"		
													"Rv2043c:Asp49Gly"		
													"Rv2043c:Asp49His"		
													"Rv2043c:Asp49Tyr"		
													"Rv2043c:Asp49Val"		
													"Rv2043c:Asp53Ala"		
													"Rv2043c:Asp53Glu"		
													"Rv2043c:Asp53Gly"		
													"Rv2043c:Asp53His"		
													"Rv2043c:Asp53Tyr"		
													"Rv2043c:Asp53Val"		
													"Rv2043c:Asp56Asp"		
													"Rv2043c:Asp56Gly"		
													"Rv2043c:Asp56His"		
													"Rv2043c:Asp56Tyr"		
													"Rv2043c:Asp56Val"		
													"Rv2043c:Asp63Ala"		
													"Rv2043c:Asp63Glu"		
													"Rv2043c:Asp63Gly"		
													"Rv2043c:Asp63His"		
													"Rv2043c:Asp63Tyr"		
													"Rv2043c:Asp63Val"		
													"Rv2043c:Asp80Ala"		
													"Rv2043c:Asp80His"		
													"Rv2043c:Asp86Ala"		
													"Rv2043c:Asp86His"		
													"Rv2043c:Asp86Tyr"		
													"Rv2043c:Asp86Val"		
													"Rv2043c:Asp8Ala"		
													"Rv2043c:Asp8Asn"		
													"Rv2043c:Asp8Glu"		
													"Rv2043c:Asp8Gly"		
													"Rv2043c:Asp8His"		
													"Rv2043c:Asp8Tyr"		
													"Rv2043c:Asp8Val"		
													"Rv2043c:Cys138Arg"		
													"Rv2043c:Cys138Gly"		
													"Rv2043c:Cys138Phe"		
													"Rv2043c:Cys138Ser"		
													"Rv2043c:Cys138Trp"		
													"Rv2043c:Cys138Tyr"		
													"Rv2043c:Cys138_"		
													"Rv2043c:Cys14Arg"		
													"Rv2043c:Cys14Gly"		
													"Rv2043c:Cys14Phe"		
													"Rv2043c:Cys14Ser"		
													"Rv2043c:Cys14Trp"		
													"Rv2043c:Cys14Tyr"		
													"Rv2043c:Cys14_"		
													"Rv2043c:Cys184Arg"		
													"Rv2043c:Cys184Gly"		
													"Rv2043c:Cys184Phe"		
													"Rv2043c:Cys184Ser"		
													"Rv2043c:Cys184Trp"		
													"Rv2043c:Cys184_"		
													"Rv2043c:Cys72Arg"		
													"Rv2043c:Cys72Gly"		
													"Rv2043c:Cys72Phe"		
													"Rv2043c:Cys72Trp"		
													"Rv2043c:Cys72Tyr"		
													"Rv2043c:Cys72_"		
													"Rv2043c:Gln10Arg"		
													"Rv2043c:Gln10Glu"		
													"Rv2043c:Gln10His"		
													"Rv2043c:Gln10Leu"		
													"Rv2043c:Gln10Lys"		
													"Rv2043c:Gln10Pro"		
													"Rv2043c:Gln10_"		
													"Rv2043c:Gln122Arg"		
													"Rv2043c:Gln122Gln"		
													"Rv2043c:Gln122Glu"		
													"Rv2043c:Gln122Lys"		
													"Rv2043c:Gln122_"		
													"Rv2043c:Gln141His"		
													"Rv2043c:Gln141Pro"		
													"Rv2043c:Gln141_"		
													"Rv2043c:Glu107Ala"		
													"Rv2043c:Glu107Glu"		
													"Rv2043c:Glu107Val"		
													"Rv2043c:Glu107_"		
													"Rv2043c:Glu111Gln"		
													"Rv2043c:Glu111Val"		
													"Rv2043c:Glu111_"		
													"Rv2043c:Glu127Ala"		
													"Rv2043c:Glu127Asp"		
													"Rv2043c:Glu127Gln"		
													"Rv2043c:Glu127Val"		
													"Rv2043c:Glu127_"		
													"Rv2043c:Glu144Ala"		
													"Rv2043c:Glu144Gln"		
													"Rv2043c:Glu144_"		
													"Rv2043c:Glu15Ala"		
													"Rv2043c:Glu15Gly"		
													"Rv2043c:Glu15Val"		
													"Rv2043c:Glu15_"		
													"Rv2043c:Glu173Ala"		
													"Rv2043c:Glu173Gln"		
													"Rv2043c:Glu173Gly"		
													"Rv2043c:Glu173_"		
													"Rv2043c:Glu174Ala"		
													"Rv2043c:Glu174Asp"		
													"Rv2043c:Glu174Gln"		
													"Rv2043c:Glu174Gly"		
													"Rv2043c:Glu174Lys"		
													"Rv2043c:Glu174_"		
													"Rv2043c:Glu181Ala"		
													"Rv2043c:Glu181Gln"		
													"Rv2043c:Glu181Gly"		
													"Rv2043c:Glu181Lys"		
													"Rv2043c:Glu181Val"		
													"Rv2043c:Glu181_"		
													"Rv2043c:Glu37Ala"		
													"Rv2043c:Glu37Gln"		
													"Rv2043c:Glu37Gly"		
													"Rv2043c:Glu37Lys"		
													"Rv2043c:Glu37Val"		
													"Rv2043c:Glu37_"		
													"Rv2043c:Glu91Ala"		
													"Rv2043c:Glu91Gln"		
													"Rv2043c:Glu91Gly"		
													"Rv2043c:Glu91Lys"		
													"Rv2043c:Glu91Val"		
													"Rv2043c:Glu91_"		
													"Rv2043c:Gly101Ala"		
													"Rv2043c:Gly101Glu"		
													"Rv2043c:Gly101Val"		
													"Rv2043c:Gly101_"		
													"Rv2043c:Gly105Arg"		
													"Rv2043c:Gly105Asp"		
													"Rv2043c:Gly105Cys"		
													"Rv2043c:Gly105Val"		
													"Rv2043c:Gly108Ala"		
													"Rv2043c:Gly108Arg"		
													"Rv2043c:Gly108Glu"		
													"Rv2043c:Gly108Val"		
													"Rv2043c:Gly108_"		
													"Rv2043c:Gly113Asp"		
													"Rv2043c:Gly113Cys"		
													"Rv2043c:Gly124Arg"		
													"Rv2043c:Gly124Ser"		
													"Rv2043c:Gly124Val"		
													"Rv2043c:Gly132Ala"		
													"Rv2043c:Gly132Arg"		
													"Rv2043c:Gly132Asp"		
													"Rv2043c:Gly132Cys"		
													"Rv2043c:Gly132Ser"		
													"Rv2043c:Gly132Val"		
													"Rv2043c:Gly150Ala"		
													"Rv2043c:Gly150Arg"		
													"Rv2043c:Gly150Asp"		
													"Rv2043c:Gly150Cys"		
													"Rv2043c:Gly150Gly"		
													"Rv2043c:Gly150Ser"		
													"Rv2043c:Gly150Val"		
													"Rv2043c:Gly162Ala"		
													"Rv2043c:Gly162Arg"		
													"Rv2043c:Gly162Asp"		
													"Rv2043c:Gly162Ser"		
													"Rv2043c:Gly162Val"		
													"Rv2043c:Gly16Ala"		
													"Rv2043c:Gly16Arg"		
													"Rv2043c:Gly16Asp"		
													"Rv2043c:Gly16Cys"		
													"Rv2043c:Gly16Gly"		
													"Rv2043c:Gly16Val"		
													"Rv2043c:Gly17Ala"		
													"Rv2043c:Gly17Arg"		
													"Rv2043c:Gly17Asp"		
													"Rv2043c:Gly17Cys"		
													"Rv2043c:Gly23Asp"		
													"Rv2043c:Gly23Cys"		
													"Rv2043c:Gly23Val"		
													"Rv2043c:Gly24Ala"		
													"Rv2043c:Gly24Arg"		
													"Rv2043c:Gly24Asp"		
													"Rv2043c:Gly24Cys"		
													"Rv2043c:Gly24Ser"		
													"Rv2043c:Gly24Val"		
													"Rv2043c:Gly55Ala"		
													"Rv2043c:Gly55Arg"		
													"Rv2043c:Gly55Asp"		
													"Rv2043c:Gly55Cys"		
													"Rv2043c:Gly55Ser"		
													"Rv2043c:Gly60Ala"		
													"Rv2043c:Gly75Ala"		
													"Rv2043c:Gly75Arg"		
													"Rv2043c:Gly75Ser"		
													"Rv2043c:Gly75Val"		
													"Rv2043c:Gly78Ala"		
													"Rv2043c:Gly78Arg"		
													"Rv2043c:Gly78Asp"		
													"Rv2043c:Gly78Cys"		
													"Rv2043c:Gly78Val"		
													"Rv2043c:Gly97Ala"		
													"Rv2043c:Gly97Arg"		
													"Rv2043c:Gly97Asp"		
													"Rv2043c:Gly97Cys"		
													"Rv2043c:Gly97Ser"		
													"Rv2043c:Gly97Val"		
													"Rv2043c:His137Asn"		
													"Rv2043c:His137Asp"		
													"Rv2043c:His137Leu"		
													"Rv2043c:His137Pro"		
													"Rv2043c:His137Tyr"		
													"Rv2043c:His42Asn"		
													"Rv2043c:His42Asp"		
													"Rv2043c:His42Gln"		
													"Rv2043c:His42Pro"		
													"Rv2043c:His42Tyr"		
													"Rv2043c:His43Asn"		
													"Rv2043c:His43Gln"		
													"Rv2043c:His43Pro"		
													"Rv2043c:His51Arg"		
													"Rv2043c:His51Asn"		
													"Rv2043c:His51Asp"		
													"Rv2043c:His51Gln"		
													"Rv2043c:His51Leu"		
													"Rv2043c:His51Pro"		
													"Rv2043c:His51Tyr"		
													"Rv2043c:His57Arg"		
													"Rv2043c:His57Asn"		
													"Rv2043c:His57Asp"		
													"Rv2043c:His57Gln"		
													"Rv2043c:His57Leu"		
													"Rv2043c:His57Pro"		
													"Rv2043c:His57Tyr"		
													"Rv2043c:His71Arg"		
													"Rv2043c:His71Asn"		
													"Rv2043c:His71Asp"		
													"Rv2043c:His71Gln"		
													"Rv2043c:His71His"		
													"Rv2043c:His71Leu"		
													"Rv2043c:His71Pro"		
													"Rv2043c:His71Tyr"		
													"Rv2043c:His82Arg"		
													"Rv2043c:His82Asn"		
													"Rv2043c:His82Asp"		
													"Rv2043c:His82Leu"		
													"Rv2043c:His82Pro"		
													"Rv2043c:His82Tyr"		
													"Rv2043c:Ile133Asn"		
													"Rv2043c:Ile133Leu"		
													"Rv2043c:Ile133Phe"		
													"Rv2043c:Ile133Ser"		
													"Rv2043c:Ile133Thr"		
													"Rv2043c:Ile31Asn"		
													"Rv2043c:Ile31Leu"		
													"Rv2043c:Ile31Met"		
													"Rv2043c:Ile31Phe"		
													"Rv2043c:Ile31Ser"		
													"Rv2043c:Ile31Thr"		
													"Rv2043c:Ile31Val"		
													"Rv2043c:Ile52Phe"		
													"Rv2043c:Ile52Ser"		
													"Rv2043c:Ile52Thr"		
													"Rv2043c:Ile52Val"		
													"Rv2043c:Ile5Asn"		
													"Rv2043c:Ile5Leu"		
													"Rv2043c:Ile5Met"		
													"Rv2043c:Ile5Phe"		
													"Rv2043c:Ile5Ser"		
													"Rv2043c:Ile5Thr"		
													"Rv2043c:Ile6Asn"		
													"Rv2043c:Ile6Leu"		
													"Rv2043c:Ile6Met"		
													"Rv2043c:Ile6Phe"		
													"Rv2043c:Ile6Ser"		
													"Rv2043c:Ile6Thr"		
													"Rv2043c:Ile6Val"		
													"Rv2043c:Ile90Asn"		
													"Rv2043c:Ile90Leu"		
													"Rv2043c:Ile90Met"		
													"Rv2043c:Ile90Ser"		
													"Rv2043c:Ile90Thr"		
													"Rv2043c:Leu116Arg"		
													"Rv2043c:Leu116Gln"		
													"Rv2043c:Leu116Met"		
													"Rv2043c:Leu116Pro"		
													"Rv2043c:Leu116Val"		
													"Rv2043c:Leu117Arg"		
													"Rv2043c:Leu117Gln"		
													"Rv2043c:Leu117Met"		
													"Rv2043c:Leu120Arg"		
													"Rv2043c:Leu120Gln"		
													"Rv2043c:Leu120Pro"		
													"Rv2043c:Leu151Ser"		
													"Rv2043c:Leu151Trp"		
													"Rv2043c:Leu151Val"		
													"Rv2043c:Leu151_"		
													"Rv2043c:Leu156Arg"		
													"Rv2043c:Leu156Gln"		
													"Rv2043c:Leu156Pro"		
													"Rv2043c:Leu156Val"		
													"Rv2043c:Leu159Gln"		
													"Rv2043c:Leu159Met"		
													"Rv2043c:Leu159Pro"		
													"Rv2043c:Leu159Val"		
													"Rv2043c:Leu172Arg"		
													"Rv2043c:Leu172Glu"		
													"Rv2043c:Leu172Met"		
													"Rv2043c:Leu172Pro"		
													"Rv2043c:Leu172Val"		
													"Rv2043c:Leu182Phe"		
													"Rv2043c:Leu182Ser"		
													"Rv2043c:Leu182Trp"		
													"Rv2043c:Leu182Val"		
													"Rv2043c:Leu182_"		
													"Rv2043c:Leu19Arg"		
													"Rv2043c:Leu19Gln"		
													"Rv2043c:Leu19Leu"		
													"Rv2043c:Leu19Met"		
													"Rv2043c:Leu19Pro"		
													"Rv2043c:Leu27Arg"		
													"Rv2043c:Leu27Gln"		
													"Rv2043c:Leu27Met"		
													"Rv2043c:Leu27Pro"		
													"Rv2043c:Leu35Arg"		
													"Rv2043c:Leu35Met"		
													"Rv2043c:Leu35Pro"		
													"Rv2043c:Leu4Phe"		
													"Rv2043c:Leu4Ser"		
													"Rv2043c:Leu4Trp"		
													"Rv2043c:Leu4Val"		
													"Rv2043c:Leu4_"		
													"Rv2043c:Leu85Arg"		
													"Rv2043c:Leu85Gln"		
													"Rv2043c:Leu85Met"		
													"Rv2043c:Leu85Pro"		
													"Rv2043c:Lys48Arg"		
													"Rv2043c:Lys48Asn"		
													"Rv2043c:Lys48Glu"		
													"Rv2043c:Lys48Met"		
													"Rv2043c:Lys48Thr"		
													"Rv2043c:Lys48_"		
													"Rv2043c:Lys96Arg"		
													"Rv2043c:Lys96Asn"		
													"Rv2043c:Lys96Gln"		
													"Rv2043c:Lys96Glu"		
													"Rv2043c:Lys96Met"		
													"Rv2043c:Lys96Thr"		
													"Rv2043c:Lys96_"		
													"Rv2043c:Met175Arg"		
													"Rv2043c:Met175Ile"		
													"Rv2043c:Met175Lys"		
													"Rv2043c:Met175Thr"		
													"Rv2043c:Met175Val"		
													"Rv2043c:Met1Arg"		
													"Rv2043c:Met1Ile"		
													"Rv2043c:Met1Leu"		
													"Rv2043c:Met1Lys"		
													"Rv2043c:Met1Thr"		
													"Rv2043c:Phe106Cys"		
													"Rv2043c:Phe106Ile"		
													"Rv2043c:Phe106Ser"		
													"Rv2043c:Phe106Tyr"		
													"Rv2043c:Phe106Val"		
													"Rv2043c:Phe13Cys"		
													"Rv2043c:Phe13Ile"		
													"Rv2043c:Phe13Ser"		
													"Rv2043c:Phe13Tyr"		
													"Rv2043c:Phe13Val"		
													"Rv2043c:Phe50Cys"		
													"Rv2043c:Phe50Ile"		
													"Rv2043c:Phe50Leu"		
													"Rv2043c:Phe50Phe"		
													"Rv2043c:Phe50Ser"		
													"Rv2043c:Phe50Val"		
													"Rv2043c:Phe58Cys"		
													"Rv2043c:Phe58Ile"		
													"Rv2043c:Phe58Leu"		
													"Rv2043c:Phe58Ser"		
													"Rv2043c:Phe58Val"		
													"Rv2043c:Phe81Cys"		
													"Rv2043c:Phe81Ile"		
													"Rv2043c:Phe81Ser"		
													"Rv2043c:Phe81Val"		
													"Rv2043c:Phe94Cys"		
													"Rv2043c:Phe94Ile"		
													"Rv2043c:Phe94Leu"		
													"Rv2043c:Phe94Phe"		
													"Rv2043c:Phe94Ser"		
													"Rv2043c:Phe94Tyr"		
													"Rv2043c:Phe94Val"		
													"Rv2043c:Pro115Ala"		
													"Rv2043c:Pro115Arg"		
													"Rv2043c:Pro115Gln"		
													"Rv2043c:Pro54Ala"		
													"Rv2043c:Pro54Arg"		
													"Rv2043c:Pro54Gln"		
													"Rv2043c:Pro54Leu"		
													"Rv2043c:Pro54Ser"		
													"Rv2043c:Pro54Thr"		
													"Rv2043c:Pro62Ala"		
													"Rv2043c:Pro62Arg"		
													"Rv2043c:Pro62Gln"		
													"Rv2043c:Pro62Leu"		
													"Rv2043c:Pro62Ser"		
													"Rv2043c:Pro62Thr"		
													"Rv2043c:Pro69Ala"		
													"Rv2043c:Pro69Arg"		
													"Rv2043c:Pro69Gln"		
													"Rv2043c:Pro69Leu"		
													"Rv2043c:Pro69Ser"		
													"Rv2043c:Pro69Thr"		
													"Rv2043c:Pro70Ala"		
													"Rv2043c:Pro70Arg"		
													"Rv2043c:Pro70Leu"		
													"Rv2043c:Pro70Ser"		
													"Rv2043c:Pro77Ala"		
													"Rv2043c:Pro77Arg"		
													"Rv2043c:Pro77His"		
													"Rv2043c:Pro77Ser"		
													"Rv2043c:Pro83Ala"		
													"Rv2043c:Pro83His"		
													"Rv2043c:Pro83Leu"		
													"Rv2043c:Ser104Arg"		
													"Rv2043c:Ser104Asn"		
													"Rv2043c:Ser104Cys"		
													"Rv2043c:Ser104Gly"		
													"Rv2043c:Ser104Ile"		
													"Rv2043c:Ser104Thr"		
													"Rv2043c:Ser164Ala"		
													"Rv2043c:Ser164Leu"		
													"Rv2043c:Ser164Pro"		
													"Rv2043c:Ser164Thr"		
													"Rv2043c:Ser164Trp"		
													"Rv2043c:Ser164_"		
													"Rv2043c:Ser179Asn"		
													"Rv2043c:Ser179Gly"		
													"Rv2043c:Ser179Thr"		
													"Rv2043c:Ser186Ala"		
													"Rv2043c:Ser186Cys"		
													"Rv2043c:Ser186Phe"		
													"Rv2043c:Ser186Thr"		
													"Rv2043c:Ser186Tyr"		
													"Rv2043c:Ser18Ala"		
													"Rv2043c:Ser18Leu"		
													"Rv2043c:Ser18Thr"		
													"Rv2043c:Ser18Trp"		
													"Rv2043c:Ser18_"		
													"Rv2043c:Ser32Asn"		
													"Rv2043c:Ser32Cys"		
													"Rv2043c:Ser32Ile"		
													"Rv2043c:Ser59Ala"		
													"Rv2043c:Ser59Cys"		
													"Rv2043c:Ser59Phe"		
													"Rv2043c:Ser59Pro"		
													"Rv2043c:Ser59Tyr"		
													"Rv2043c:Ser65Ala"		
													"Rv2043c:Ser65Phe"		
													"Rv2043c:Ser65Pro"		
													"Rv2043c:Ser65Thr"		
													"Rv2043c:Ser65Tyr"		
													"Rv2043c:Ser66Ala"		
													"Rv2043c:Ser66Pro"		
													"Rv2043c:Ser66Trp"		
													"Rv2043c:Ser66_"		
													"Rv2043c:Ser67Ala"		
													"Rv2043c:Ser67Pro"		
													"Rv2043c:Ser67_"		
													"Rv2043c:Ser74Asn"		
													"Rv2043c:Ser74Thr"		
													"Rv2043c:Ser84Thr"		
													"Rv2043c:Ser88Thr"		
													"Rv2043c:Ser88Trp"		
													"Rv2043c:Ser88_"		
													"Rv2043c:Thr100Asn"		
													"Rv2043c:Thr100Ile"		
													"Rv2043c:Thr100Pro"		
													"Rv2043c:Thr114Ala"		
													"Rv2043c:Thr114Arg"		
													"Rv2043c:Thr114Lys"		
													"Rv2043c:Thr114Pro"		
													"Rv2043c:Thr114Ser"		
													"Rv2043c:Thr114Thr"		
													"Rv2043c:Thr135Ala"		
													"Rv2043c:Thr135Asn"		
													"Rv2043c:Thr135Ile"		
													"Rv2043c:Thr135Pro"		
													"Rv2043c:Thr135Ser"		
													"Rv2043c:Thr142Ala"		
													"Rv2043c:Thr142Arg"		
													"Rv2043c:Thr142Lys"		
													"Rv2043c:Thr142Met"		
													"Rv2043c:Thr142Pro"		
													"Rv2043c:Thr142Ser"		
													"Rv2043c:Thr142Thr"		
													"Rv2043c:Thr153Asn"		
													"Rv2043c:Thr153Ile"		
													"Rv2043c:Thr153Pro"		
													"Rv2043c:Thr160Ala"		
													"Rv2043c:Thr160Arg"		
													"Rv2043c:Thr160Lys"		
													"Rv2043c:Thr160Pro"		
													"Rv2043c:Thr167Asn"		
													"Rv2043c:Thr167Ile"		
													"Rv2043c:Thr167Pro"		
													"Rv2043c:Thr167Ser"		
													"Rv2043c:Thr168Asn"		
													"Rv2043c:Thr168Ile"		
													"Rv2043c:Thr168Pro"		
													"Rv2043c:Thr168Ser"		
													"Rv2043c:Thr177Ala"		
													"Rv2043c:Thr177Pro"		
													"Rv2043c:Thr177Thr"		
													"Rv2043c:Thr22Asn"		
													"Rv2043c:Thr22Ile"		
													"Rv2043c:Thr22Pro"		
													"Rv2043c:Thr47Ala"		
													"Rv2043c:Thr47Asn"		
													"Rv2043c:Thr47Ile"		
													"Rv2043c:Thr47Pro"		
													"Rv2043c:Thr47Ser"		
													"Rv2043c:Thr61Arg"		
													"Rv2043c:Thr61Ile"		
													"Rv2043c:Thr61Pro"		
													"Rv2043c:Thr61Ser"		
													"Rv2043c:Thr76Ala"		
													"Rv2043c:Thr76Asn"		
													"Rv2043c:Thr76Ile"		
													"Rv2043c:Thr76Pro"		
													"Rv2043c:Thr76Ser"		
													"Rv2043c:Thr87Ala"		
													"Rv2043c:Thr87Lys"		
													"Rv2043c:Thr87Met"		
													"Rv2043c:Thr87Pro"		
													"Rv2043c:Thr87Ser"		
													"Rv2043c:Trp119Arg"		
													"Rv2043c:Trp119Gly"		
													"Rv2043c:Trp119Leu"		
													"Rv2043c:Trp119Ser"		
													"Rv2043c:Trp119_"		
													"Rv2043c:Trp68Arg"		
													"Rv2043c:Trp68Cys"		
													"Rv2043c:Trp68Gly"		
													"Rv2043c:Trp68Leu"		
													"Rv2043c:Trp68Ser"		
													"Rv2043c:Trp68_"		
													"Rv2043c:Tyr103Asp"		
													"Rv2043c:Tyr103Cys"		
													"Rv2043c:Tyr103His"		
													"Rv2043c:Tyr103Phe"		
													"Rv2043c:Tyr103Ser"		
													"Rv2043c:Tyr103_"		
													"Rv2043c:Tyr34Asn"		
													"Rv2043c:Tyr34Asp"		
													"Rv2043c:Tyr34Phe"		
													"Rv2043c:Tyr34Ser"		
													"Rv2043c:Tyr34Tyr"		
													"Rv2043c:Tyr34_"		
													"Rv2043c:Tyr41Asn"		
													"Rv2043c:Tyr41Asp"		
													"Rv2043c:Tyr41Cys"		
													"Rv2043c:Tyr41His"		
													"Rv2043c:Tyr41Phe"		
													"Rv2043c:Tyr41Ser"		
													"Rv2043c:Tyr41Tyr"		
													"Rv2043c:Tyr41_"		
													"Rv2043c:Tyr64Asp"		
													"Rv2043c:Tyr64Cys"		
													"Rv2043c:Tyr64His"		
													"Rv2043c:Tyr64Phe"		
													"Rv2043c:Tyr64Ser"		
													"Rv2043c:Tyr64_"		
													"Rv2043c:Tyr95Asp"		
													"Rv2043c:Tyr95Phe"		
													"Rv2043c:Tyr95Ser"		
													"Rv2043c:Tyr95_"		
													"Rv2043c:Tyr99His"		
													"Rv2043c:Tyr99Ser"		
													"Rv2043c:Tyr99_"		
													"Rv2043c:Val109Ala"		
													"Rv2043c:Val109Ile"		
													"Rv2043c:Val109Leu"		
													"Rv2043c:Val125Ala"		
													"Rv2043c:Val125Asp"		
													"Rv2043c:Val125Phe"		
													"Rv2043c:Val125Val"		
													"Rv2043c:Val128Ala"		
													"Rv2043c:Val128Asp"		
													"Rv2043c:Val128Gly"		
													"Rv2043c:Val128Leu"		
													"Rv2043c:Val128Phe"		
													"Rv2043c:Val130Ala"		
													"Rv2043c:Val130Glu"		
													"Rv2043c:Val130Gly"		
													"Rv2043c:Val130Met"		
													"Rv2043c:Val131Asp"		
													"Rv2043c:Val131Gly"		
													"Rv2043c:Val131Ile"		
													"Rv2043c:Val131Phe"		
													"Rv2043c:Val139Ala"		
													"Rv2043c:Val139Glu"		
													"Rv2043c:Val139Gly"		
													"Rv2043c:Val139Leu"		
													"Rv2043c:Val139Met"		
													"Rv2043c:Val147Ala"		
													"Rv2043c:Val147Glu"		
													"Rv2043c:Val147Gly"		
													"Rv2043c:Val147Ile"		
													"Rv2043c:Val155Ala"		
													"Rv2043c:Val155Glu"		
													"Rv2043c:Val155Gly"		
													"Rv2043c:Val155Leu"		
													"Rv2043c:Val155Met"		
													"Rv2043c:Val157Glu"		
													"Rv2043c:Val157Gly"		
													"Rv2043c:Val157Met"		
													"Rv2043c:Val163Glu"		
													"Rv2043c:Val163Gly"		
													"Rv2043c:Val163Leu"		
													"Rv2043c:Val169Gly"		
													"Rv2043c:Val180Ala"		
													"Rv2043c:Val180Asp"		
													"Rv2043c:Val180Gly"		
													"Rv2043c:Val180Leu"		
													"Rv2043c:Val180Phe"		
													"Rv2043c:Val183Asp"		
													"Rv2043c:Val183Gly"		
													"Rv2043c:Val183Leu"		
													"Rv2043c:Val183Phe"		
													"Rv2043c:Val21Ala"		
													"Rv2043c:Val21Glu"		
													"Rv2043c:Val21Gly"		
													"Rv2043c:Val21Ile"		
													"Rv2043c:Val44Ala"		
													"Rv2043c:Val44Asp"		
													"Rv2043c:Val44Gly"		
													"Rv2043c:Val44Phe"		
													"Rv2043c:Val45Glu"		
													"Rv2043c:Val45Gly"		
													"Rv2043c:Val45Met"		
													"Rv2043c:Val73Ala"		
													"Rv2043c:Val73Gly"		
													"Rv2043c:Val73Phe"		
													"Rv2043c:Val7Ala"		
													"Rv2043c:Val7Asp"		
													"Rv2043c:Val7Gly"		
													"Rv2043c:Val7Leu"		
													"Rv2043c:Val7Phe"		
													"Rv2043c:Val93Ala"		
													"Rv2043c:Val93Glu"		
													"Rv2043c:Val93Gly"		
													"Rv2043c:Val93Leu"		
													"Rv2043c:Val93Met"		
													"Rv2043c:Val9Ala"		
													"Rv2043c:Val9Glu"		
													"Rv2043c:Val9Gly"		
													"Rv2043c:_187Gln"		
													"Rv2043c:_187Glu"		
													"Rv2043c:_187Leu"		
													"Rv2043c:_187Lys"		
													"Rv2043c:_187Ser"		
